Location,Longitude,Lattitude,Date,I 131 (Bq/m3),Cs 134 (Bq/m3)
RISOE,12.07,55.7,86/04/29,0.0147,0.0043
RISOE,12.07,55.7,86/04/30,0.00075,0.0001
RISOE,12.07,55.7,86/05/03,0.2239,0.00212
RISOE,12.07,55.7,86/05/04,0.41,0.0142
RISOE,12.07,55.7,86/05/04,0.264303,0.014342
RISOE,12.07,55.7,86/05/05,0.362,0.00965
RISOE,12.07,55.7,86/05/05,0.28,0.0046
RISOE,12.07,55.7,86/05/06,0.334,0.0073
RISOE,12.07,55.7,86/05/06,0.164,0.0039
RISOE,12.07,55.7,86/05/07,0.496,0.0824
RISOE,12.07,55.7,86/05/11,0.017902,0.007964
RISOE,12.07,55.7,86/05/13,0.004299,0.000464
RISOE,12.07,55.7,86/05/14,0.008252,0.001236
RISOE,12.07,55.7,86/05/15,0.003245,0.000487
RISOE,12.07,55.7,86/05/16,0.001505,0.000169
RISOE,12.07,55.7,86/05/17,0.002772,0.000451
RISOE,12.07,55.7,86/05/18,0.001664,0.000388
RISOE,12.07,55.7,86/05/19,0.002248,0.001367
RISOE,12.07,55.7,86/05/20,0.002507,0.001439
RISOE,12.07,55.7,86/05/21,0.002007,0.000783
RISOE,12.07,55.7,86/05/22,0.00281,0.001022
RISOE,12.07,55.7,86/05/25,0.001805,0.001221
RISOE,12.07,55.7,86/05/26,0.001029,0.000749
RISOE,12.07,55.7,86/05/27,0.000517,0.000315
RISOE,12.07,55.7,86/05/28,0.000482,0.000196
RISOE,12.07,55.7,86/05/29,0.000533,0.000146
AACHEN(DWD),6.1,50.76,86/05/02,1.905,0.592
AACHEN(DWD),6.1,50.76,86/05/03,2.257,0.592
AACHEN(DWD),6.1,50.76,86/05/04,0.684,0.2
AACHEN(DWD),6.1,50.76,86/05/06,0.054,0.022
AACHEN(DWD),6.1,50.76,86/05/07,0.04,0.0081
AACHEN(DWD),6.1,50.76,86/05/08,0.0085,0.0012
AACHEN(DWD),6.1,50.76,86/05/09,0.0067,0.0005
AACHEN(DWD),6.1,50.76,86/05/10,0.0052,0.0007
AACHEN(DWD),6.1,50.76,86/05/11,0.0063,0.0007
AACHEN(DWD),6.1,50.76,86/05/12,0.006,0.001
AACHEN(DWD),6.1,50.76,86/05/19,0.0029,0.00082
AACHEN(DWD),6.1,50.76,86/05/26,0.0017,0.00077
BERLIN-WEST,13.42,52.5,86/04/30,2.64,1.021
BERLIN-WEST,13.42,52.5,86/05/01,0.85,0.318
BERLIN-WEST,13.42,52.5,86/05/02,0.09,0.0037
BERLIN-WEST,13.42,52.5,86/05/03,0.215,0.0026
BERLIN-WEST,13.42,52.5,86/05/04,0.814,0.115
BERLIN-WEST,13.42,52.5,86/05/05,0.533,0.118
BERLIN-WEST,13.42,52.5,86/05/06,0.451,0.04
BERLIN-WEST,13.42,52.5,86/05/07,0.728,0.087
BERLIN-WEST,13.42,52.5,86/05/08,0.26,0.115
BERLIN-WEST,13.42,52.5,86/05/09,0.012,0.0011
BERLIN-WEST,13.42,52.5,86/05/10,0.01,0.00037
BERLIN-WEST,13.42,52.5,86/05/11,0.0063,0.00074
BERLIN-WEST,13.42,52.5,86/05/12,0.0053,0.00077
BERLIN-WEST,13.42,52.5,86/05/19,0.0074,0.00204
BERLIN-WEST,13.42,52.5,86/05/26,0.0012,0.00057
FREIBURG(BZS),7.87,48,86/04/30,0.76,0.15
FREIBURG(BZS),7.87,48,86/05/01,0.77,0.078
FREIBURG(BZS),7.87,48,86/05/01,2.1,0.34
FREIBURG(BZS),7.87,48,86/05/01,3.8,1.09
FREIBURG(BZS),7.87,48,86/05/02,5.7,2.1
FREIBURG(BZS),7.87,48,86/05/02,5,1.8
FREIBURG(BZS),7.87,48,86/05/02,3.9,1.4
FREIBURG(BZS),7.87,48,86/05/02,2.6,0.41
FREIBURG(BZS),7.87,48,86/05/03,1.3,0.35
FREIBURG(BZS),7.87,48,86/05/03,1.46,0.33
FREIBURG(BZS),7.87,48,86/05/04,0.36,0.11
FREIBURG(BZS),7.87,48,86/05/05,0.13,0.03
FREIBURG(BZS),7.87,48,86/05/06,0.13,0.03
FREIBURG(BZS),7.87,48,86/05/06,0.18,0.04
FREIBURG(BZS),7.87,48,86/05/07,0.089,0.021
FREIBURG(BZS),7.87,48,86/05/07,0.015,0.0016
FREIBURG(BZS),7.87,48,86/05/08,0.012,0.0019
FREIBURG(BZS),7.87,48,86/05/08,0.015,0.0022
FREIBURG(BZS),7.87,48,86/05/09,0.013,0.0013
FREIBURG(BZS),7.87,48,86/05/10,0.01,0.0014
FREIBURG(DWD),7.87,48,86/05/01,0.059,0.0074
FREIBURG(DWD),7.87,48,86/05/02,5.66,2.257
FREIBURG(DWD),7.87,48,86/05/03,1.7,0.481
FREIBURG(DWD),7.87,48,86/05/04,5.44,1.258
FREIBURG(DWD),7.87,48,86/05/05,0.226,0.063
FREIBURG(DWD),7.87,48,86/05/09,0.222,0.104
FREIBURG(DWD),7.87,48,86/05/10,0.025,0.0041
FREIBURG(DWD),7.87,48,86/05/16,0.0048,0.001
FREIBURG(DWD),7.87,48,86/05/23,0.003,0.0013
FREIBURG(DWD),7.87,48,86/05/30,0.0017,0.0016
GOETTINGEN,9.95,51.53,86/05/02,4.2,0.62
GOETTINGEN,9.95,51.53,86/05/04,1.1,0.2
GOETTINGEN,9.95,51.53,86/05/05,0.79,0.15
GOETTINGEN,9.95,51.53,86/05/05,2,0.34
GOETTINGEN,9.95,51.53,86/05/06,0.62,0.11
GOETTINGEN,9.95,51.53,86/05/07,0.3,0.08
GOETTINGEN,9.95,51.53,86/05/07,0.082,0.009
GOETTINGEN,9.95,51.53,86/05/09,0.03,0.0019
GOETTINGEN,9.95,51.53,86/05/12,0.0085,0.0008
GOETTINGEN,9.95,51.53,86/05/13,0.012,0.0027
GOETTINGEN,9.95,51.53,86/05/14,0.009,0.0011
GOETTINGEN,9.95,51.53,86/05/15,0.0072,0.0007
GOETTINGEN,9.95,51.53,86/05/16,0.0062,0.0016
GOETTINGEN,9.95,51.53,86/05/18,0.0047,0.0017
GOETTINGEN,9.95,51.53,86/05/20,0.0027,0.0011
GOETTINGEN,9.95,51.53,86/05/21,0.003,0.0015
GOETTINGEN,9.95,51.53,86/05/22,0.0021,0.0008
GOETTINGEN,9.95,51.53,86/05/23,0.003,0.0009
GOETTINGEN,9.95,51.53,86/05/25,0.0017,0.001
GOETTINGEN,9.95,51.53,86/05/26,0.0022,0.0009
GOETTINGEN,9.95,51.53,86/05/27,0.0031,0.0013
GOETTINGEN,9.95,51.53,86/05/28,0.0023,0.0009
GOETTINGEN,9.95,51.53,86/05/29,0.0012,0.0007
GOETTINGEN,9.95,51.53,86/05/30,0.00091,0.00029
HANNOVER,9.73,52.38,86/05/03,0.389,0.037
HANNOVER,9.73,52.38,86/05/04,0.629,0.093
HANNOVER,9.73,52.38,86/05/05,0.444,0.067
HANNOVER,9.73,52.38,86/05/06,0.392,0.107
HANNOVER,9.73,52.38,86/05/07,0.192,0.046
HANNOVER,9.73,52.38,86/05/08,0.02,0.002
HANNOVER,9.73,52.38,86/05/09,0.01,0.0007
HANNOVER,9.73,52.38,86/05/10,0.008,0.0004
HANNOVER,9.73,52.38,86/05/12,0.0072,0.0007
HANNOVER,9.73,52.38,86/05/14,0.004,0.0007
HANNOVER,9.73,52.38,86/05/26,0.0021,0.0009
NEUHERBERG,11.58,48.13,86/04/30,1.1,0.26
NEUHERBERG,11.58,48.13,86/04/30,21,4
NEUHERBERG,11.58,48.13,86/04/30,9.3,1.7
NEUHERBERG,11.58,48.13,86/05/01,6.5,1.8
NEUHERBERG,11.58,48.13,86/05/01,13,4.1
NEUHERBERG,11.58,48.13,86/05/01,14,2.4
NEUHERBERG,11.58,48.13,86/05/02,3.8,1.1
NEUHERBERG,11.58,48.13,86/05/02,4.2,1.1
NEUHERBERG,11.58,48.13,86/05/02,2.7,0.53
NEUHERBERG,11.58,48.13,86/05/03,1.4,0.44
NEUHERBERG,11.58,48.13,86/05/04,0.89,0.27
NEUHERBERG,11.58,48.13,86/05/05,0.6,0.19
NEUHERBERG,11.58,48.13,86/05/06,0.32,0.09
NEUHERBERG,11.58,48.13,86/05/07,0.36,0.12
NEUHERBERG,11.58,48.13,86/05/08,0.13,0.036
NEUHERBERG,11.58,48.13,86/05/09,0.014,0.0016
NEUHERBERG,11.58,48.13,86/05/10,0.016,0.0024
NEUHERBERG,11.58,48.13,86/05/12,0.0056,0.0027
NORDERNEY,7.15,53.71,86/05/03,0.363,0.052
NORDERNEY,7.15,53.71,86/05/04,0.44,0.115
NORDERNEY,7.15,53.71,86/05/06,0.333,0.085
NORDERNEY,7.15,53.71,86/05/07,0.028,0.0078
NORDERNEY,7.15,53.71,86/05/08,0.0066,0.0015
NORDERNEY,7.15,53.71,86/05/09,0.0046,0.00067
NORDERNEY,7.15,53.71,86/05/10,0.0037,0.00074
NORDERNEY,7.15,53.71,86/05/12,0.0015,0.00026
NORDERNEY,7.15,53.71,86/05/19,0.00152,0.00049
NORDERNEY,7.15,53.71,86/05/26,0.00107,0.00093
OFFENBACH,8.77,50.1,86/04/30,0.002,0.0006
OFFENBACH,8.77,50.1,86/05/01,0.011,0.001
OFFENBACH,8.77,50.1,86/05/02,3.441,0.925
OFFENBACH,8.77,50.1,86/05/03,1.04,0.3
OFFENBACH,8.77,50.1,86/05/04,0.85,0.26
OFFENBACH,8.77,50.1,86/05/05,0.37,0.1
OFFENBACH,8.77,50.1,86/05/06,0.141,0.041
OFFENBACH,8.77,50.1,86/05/07,0.13,0.044
OFFENBACH,8.77,50.1,86/05/08,0.016,0.002
OFFENBACH,8.77,50.1,86/05/09,0.009,0.001
OFFENBACH,8.77,50.1,86/05/10,0.007,0.0007
OFFENBACH,8.77,50.1,86/05/11,0.006,0.0007
OFFENBACH,8.77,50.1,86/05/12,0.009,0.0012
OFFENBACH,8.77,50.1,86/05/14,0.005,0.0008
OFFENBACH,8.77,50.1,86/05/19,0.004,0.001
OFFENBACH,8.77,50.1,86/05/29,0.002,0.001
CADARACHE,5.75,43.71,86/05/01,0.3,0.0008
CADARACHE,5.75,43.71,86/05/02,6.299999,0.18
CADARACHE,5.75,43.71,86/05/03,5.9,0.4
CADARACHE,5.75,43.71,86/05/04,6.599999,0.5
CADARACHE,5.75,43.71,86/05/05,1.4,0.1
CADARACHE,5.75,43.71,86/05/06,0.5,0.06
CADARACHE,5.75,43.71,86/05/07,0.025,0.0073
CADARACHE,5.75,43.71,86/05/09,0.15,0.001
CHINON,0.25,47.15,86/05/02,1.5,0.36
CHINON,0.25,47.15,86/05/03,0.24,0.07
CHINON,0.25,47.15,86/05/07,0.015,0.0029
CHINON,0.25,47.15,86/05/08,0.014,0.0033
CHINON,0.25,47.15,86/05/09,0.011,0.0024
CHOOZ,4.81,50.1,86/05/02,5.5,1.599999
CHOOZ,4.81,50.1,86/05/03,1.9,0.63
CHOOZ,4.81,50.1,86/05/04,0.72,0.16
CHOOZ,4.81,50.1,86/05/05,0.13,0.03
CHOOZ,4.81,50.1,86/05/06,0.07,0.03
CHOOZ,4.81,50.1,86/05/07,0.057,0.013
CHOOZ,4.81,50.1,86/05/08,0.0058,0.0052
CRUAS,4.8,44.63,86/05/02,0.36,0.07
CRUAS,4.8,44.63,86/05/03,0.95,0.23
CRUAS,4.8,44.63,86/05/04,0.6,0.18
CRUAS,4.8,44.63,86/05/05,0.22,0.07
CRUAS,4.8,44.63,86/05/06,0.11,0.065
CRUAS,4.8,44.63,86/05/07,0.016,0.0087
CRUAS,4.8,44.63,86/05/10,0.0065,0.0018
FESSENHEIM,7.56,47.91,86/05/02,2.9,0.76
FESSENHEIM,7.56,47.91,86/05/03,2.099999,0.76
FESSENHEIM,7.56,47.91,86/05/04,0.7,0.18
FESSENHEIM,7.56,47.91,86/05/07,0.12,0.03
FESSENHEIM,7.56,47.91,86/05/08,0.012,0.002
FESSENHEIM,7.56,47.91,86/05/09,0.013,0.0021
FESSENHEIM,7.56,47.91,86/05/10,0.011,0.00145
FESSENHEIM,7.56,47.91,86/05/11,0.0025,0.00135
FESSENHEIM,7.56,47.91,86/05/12,0.0027,0.002
FESSENHEIM,7.56,47.91,86/05/13,0.0032,0.00115
GRAVELINES,2.31,51,86/05/03,0.065,0.23
GRAVELINES,2.31,51,86/05/04,1.5,0.65
GRAVELINES,2.31,51,86/05/05,0.07,0.03
GRAVELINES,2.31,51,86/05/06,0.023,0.012
GRAVELINES,2.31,51,86/05/08,0.02,0.01
GRENOBLE,5.72,45.18,86/05/02,0.444,0.0925
GRENOBLE,5.72,45.18,86/05/03,0.518,0.1702
GRENOBLE,5.72,45.18,86/05/04,0.407,0.1406
GRENOBLE,5.72,45.18,86/05/05,0.2405,0.074
GRENOBLE,5.72,45.18,86/05/06,0.0851,0.037
GRENOBLE,5.72,45.18,86/05/07,0.02516,0.01258
LE BUGEY,5.26,45.8,86/05/02,1.9,0.32
LE BUGEY,5.26,45.8,86/05/03,2.5,0.33
LE BUGEY,5.26,45.8,86/05/04,2.799999,0.8
LE BUGEY,5.26,45.8,86/05/05,0.31,0.07
LE BUGEY,5.26,45.8,86/05/06,0.28,0.1
LE VESINET,2.13,48.88,86/05/02,3.9,0.7
LE VESINET,2.13,48.88,86/05/03,1.599999,0.22
LE VESINET,2.13,48.88,86/05/04,0.042,0.0021
LE VESINET,2.13,48.88,86/05/08,0.028,0.0041
LE VESINET,2.13,48.88,86/05/13,0.0067,0.0005
LE VESINET,2.13,48.88,86/05/19,0.0067,0.0015
LE VESINET,2.13,48.88,86/05/20,0.0033,0.00055
MARCOULE,4.8,44.13,86/04/30,0.03182,0.00888
MARCOULE,4.8,44.13,86/05/01,0.555,0.0814
MARCOULE,4.8,44.13,86/05/02,2.552999,0.407
MARCOULE,4.8,44.13,86/05/03,1.183999,0.333
MARCOULE,4.8,44.13,86/05/04,1.368999,0.444
MARCOULE,4.8,44.13,86/05/05,0.555,0.1628
MONACO,7.42,43.73,86/05/01,0.15,0.02
MONACO,7.42,43.73,86/05/02,1.4,0.11
MONACO,7.42,43.73,86/05/03,2.9,0.55
MONACO,7.42,43.73,86/05/04,2.799999,0.84
MONACO,7.42,43.73,86/05/05,1.299999,0.48
MONACO,7.42,43.73,86/05/06,0.48,0.14
MONACO,7.42,43.73,86/05/07,0.32,0.09
MONACO,7.42,43.73,86/05/08,0.06,0.03
MONACO,7.42,43.73,86/05/09,0.04,0.02
MONACO,7.42,43.73,86/05/10,0.02,0.02
ORSAY,2.18,48.68,86/05/02,6.33,1.809999
ORSAY,2.18,48.68,86/05/03,0.31,0.072
ORSAY,2.18,48.68,86/05/04,0.0103,0.0004
ORSAY,2.18,48.68,86/05/05,0.037,0.003
ORSAY,2.18,48.68,86/05/06,0.0034,0.0003
ORSAY,2.18,48.68,86/05/07,0.0062,0.002
ORSAY,2.18,48.68,86/05/08,0.012,0.0027
ORSAY,2.18,48.68,86/05/09,0.017,0.0025
ORSAY,2.18,48.68,86/05/10,0.0019,0.0004
PARIS,2.36,48.85,86/05/01,0.51,0.099
PARIS,2.36,48.85,86/05/02,1.929999,0.77
PARIS,2.36,48.85,86/05/03,0.18,0.046
PARIS,2.36,48.85,86/05/04,0.0083,0.00034
PARIS,2.36,48.85,86/05/05,0.033,0.0087
PARIS,2.36,48.85,86/05/06,0.012,0.0029
PARIS,2.36,48.85,86/05/07,0.009,0.002
PARIS,2.36,48.85,86/05/08,0.0068,0.0013
PARIS,2.36,48.85,86/05/09,0.0054,0.0011
PARIS,2.36,48.85,86/05/10,0.00094,0.00017
PARIS,2.36,48.85,86/05/11,0.003,0.0003
PARIS,2.36,48.85,86/05/13,0.004,0.00039
PARIS,2.36,48.85,86/05/14,0.0035,0.00065
PARIS,2.36,48.85,86/05/16,0.0022,0.001
PARIS,2.36,48.85,86/05/18,0.0031,0.0013
SAINT ALBAN,4.75,45.4,86/05/02,1.9,0.37
SAINT ALBAN,4.75,45.4,86/05/03,3.299999,1
SAINT ALBAN,4.75,45.4,86/05/04,1.4,0.47
SAINT ALBAN,4.75,45.4,86/05/05,0.7,0.18
SAINT ALBAN,4.75,45.4,86/05/07,0.02,0.0075
SAINT ALBAN,4.75,45.4,86/05/08,0.016,0.0075
SAINT ALBAN,4.75,45.4,86/05/09,0.015,0.0028
SAINT ALBAN,4.75,45.4,86/05/10,0.012,0.001
SAINT ALBAN,4.75,45.4,86/05/11,0.0065,0.0022
TRICASTIN,4.73,44.33,86/05/02,0.4,0.1
TRICASTIN,4.73,44.33,86/05/03,0.9,0.235
TRICASTIN,4.73,44.33,86/05/04,0.75,0.18
TRICASTIN,4.73,44.33,86/05/05,0.23,0.075
TRICASTIN,4.73,44.33,86/05/06,0.11,0.062
VERDUN,5.38,49.15,86/04/30,0.0002,0.00003
VERDUN,5.38,49.15,86/05/01,0.003,0.00007
VERDUN,5.38,49.15,86/05/02,9.44,3.099999
VERDUN,5.38,49.15,86/05/03,1.77,0.71
VERDUN,5.38,49.15,86/05/05,0.16,0.035
VERDUN,5.38,49.15,86/05/06,0.11,0.063
VERDUN,5.38,49.15,86/05/07,0.039,0.014
VERDUN,5.38,49.15,86/05/08,0.0087,0.0012
VERDUN,5.38,49.15,86/05/09,0.0091,0.0012
VERDUN,5.38,49.15,86/05/10,0.0076,0.0011
BOLOGNA,11.33,44.48,86/04/30,0.068,0.005
BOLOGNA,11.33,44.48,86/05/01,0.627,0.062
BOLOGNA,11.33,44.48,86/05/02,7.015,0.904
BOLOGNA,11.33,44.48,86/05/03,2.926,0.519
BOLOGNA,11.33,44.48,86/05/04,1.404,0.287
BOLOGNA,11.33,44.48,86/05/05,0.837,0.213
BOLOGNA,11.33,44.48,86/05/06,0.681,0.199
BOLOGNA,11.33,44.48,86/05/07,0.956,0.22
BOLOGNA,11.33,44.48,86/05/08,0.515,0.147
BOLOGNA,11.33,44.48,86/05/09,0.047,0.013
BOLOGNA,11.33,44.48,86/05/10,0.051,0.011
BRASIMONE,11.33,44.48,86/05/02,2.89,0.26
BRASIMONE,11.33,44.48,86/05/03,2.099,0.52
BRASIMONE,11.33,44.48,86/05/04,1.392,0.722
BRASIMONE,11.33,44.48,86/05/05,0.651,0.46
BRASIMONE,11.33,44.48,86/05/06,0.563,0.316
BRASIMONE,11.33,44.48,86/05/07,0.429,0.24
BRASIMONE,11.33,44.48,86/05/09,0.07,0.009
BRASIMONE,11.33,44.48,86/05/10,0.025,0.004
BRASIMONE,11.33,44.48,86/05/17,0.01,0.001
CAPANNA,12.3,42.03,86/05/01,4.33,0.926
CAPANNA,12.3,42.03,86/05/01,2.32,0.474
CAPANNA,12.3,42.03,86/05/01,5.181,0.919
CAPANNA,12.3,42.03,86/05/01,7.964,1.526
CAPANNA,12.3,42.03,86/05/01,5.915,1.47
CAPANNA,12.3,42.03,86/05/02,5.258,1.259
CAPANNA,12.3,42.03,86/05/02,5.064,1.37
CAPANNA,12.3,42.03,86/05/02,4.91,1.285
CAPANNA,12.3,42.03,86/05/02,3.841,1.037
CAPANNA,12.3,42.03,86/05/02,2.087,0.537
CAPANNA,12.3,42.03,86/05/02,1.791,0.444
CAPANNA,12.3,42.03,86/05/02,1.546,0.704
CAPANNA,12.3,42.03,86/05/02,1.121,0.556
CAPANNA,12.3,42.03,86/05/03,1.276,0.648
CAPANNA,12.3,42.03,86/05/03,1.392,0.5
CAPANNA,12.3,42.03,86/05/03,1.48,0.444
CAPANNA,12.3,42.03,86/05/03,2.37,0.704
CAPANNA,12.3,42.03,86/05/03,2.899,0.963
CAPANNA,12.3,42.03,86/05/03,2.706,0.926
CAPANNA,12.3,42.03,86/05/04,2.474,0.777
CAPANNA,12.3,42.03,86/05/04,2.436,0.741
CAPANNA,12.3,42.03,86/05/04,2.165,0.689
CAPANNA,12.3,42.03,86/05/04,1.585,0.593
CAPANNA,12.3,42.03,86/05/04,2.629,0.963
CAPANNA,12.3,42.03,86/05/04,2.579,1.037
CAPANNA,12.3,42.03,86/05/04,1.971,0.844
CAPANNA,12.3,42.03,86/05/04,1.933,1.037
CAPANNA,12.3,42.03,86/05/05,1.724,0.593
CAPANNA,12.3,42.03,86/05/05,0.851,0.407
CAPANNA,12.3,42.03,86/05/05,0.812,0.407
CAPANNA,12.3,42.03,86/05/05,0.944,0.444
CAPANNA,12.3,42.03,86/05/05,1.121,0.463
CAPANNA,12.3,42.03,86/05/05,0.715,0.267
CAPANNA,12.3,42.03,86/05/05,0.387,0.148
CAPANNA,12.3,42.03,86/05/05,0.464,0.152
CAPANNA,12.3,42.03,86/05/06,0.367,0.13
CAPANNA,12.3,42.03,86/05/06,0.376,0.13
CAPANNA,12.3,42.03,86/05/06,0.309,0.137
CAPANNA,12.3,42.03,86/05/06,0.406,0.159
CAPANNA,12.3,42.03,86/05/06,0.727,0.259
CAPANNA,12.3,42.03,86/05/06,0.827,0.281
CAPANNA,12.3,42.03,86/05/06,1.453,0.444
CAPANNA,12.3,42.03,86/05/07,0.414,0.167
CAPANNA,12.3,42.03,86/05/07,0.301,0.163
CAPANNA,12.3,42.03,86/05/07,0.487,0.167
CAPANNA,12.3,42.03,86/05/07,0.255,0.093
CAPANNA,12.3,42.03,86/05/07,0.263,0.104
CAPANNA,12.3,42.03,86/05/08,0.224,0.093
CAPANNA,12.3,42.03,86/05/08,0.309,0.1
CAPANNA,12.3,42.03,86/05/08,0.467,0.204
CAPANNA,12.3,42.03,86/05/08,0.135,0.074
CAPANNA,12.3,42.03,86/05/09,0.101,0.056
CAPANNA,12.3,42.03,86/05/09,0.17,0.059
CAPANNA,12.3,42.03,86/05/10,0.05,0.016
CASACCIA,12.3,42.03,86/05/01,2.407,0.4
CASACCIA,12.3,42.03,86/05/01,1.852,0.37
CASACCIA,12.3,42.03,86/05/01,0.993,0.256
CASACCIA,12.3,42.03,86/05/01,1.67,0.31
CASACCIA,12.3,42.03,86/05/01,2.407,0.53
CASACCIA,12.3,42.03,86/05/01,3.333,0.715
CASACCIA,12.3,42.03,86/05/02,2.915,0.763
CASACCIA,12.3,42.03,86/05/02,2.319,0.604
CASACCIA,12.3,42.03,86/05/02,1.804,0.507
CASACCIA,12.3,42.03,86/05/02,1.111,0.27
CASACCIA,12.3,42.03,86/05/02,1.37,0.35
CASACCIA,12.3,42.03,86/05/02,1.185,0.369
CASACCIA,12.3,42.03,86/05/03,0.681,0.271
CASACCIA,12.3,42.03,86/05/03,1.148,0.281
CASACCIA,12.3,42.03,86/05/03,1.256,0.415
CASACCIA,12.3,42.03,86/05/04,1.422,0.415
CASACCIA,12.3,42.03,86/05/04,1.607,0.489
CASACCIA,12.3,42.03,86/05/04,1.107,0.511
CASACCIA,12.3,42.03,86/05/04,1.17,0.493
CASACCIA,12.3,42.03,86/05/04,0.733,0.29
CASACCIA,12.3,42.03,86/05/05,0.559,0.222
CASACCIA,12.3,42.03,86/05/05,1.419,0.496
CASACCIA,12.3,42.03,86/05/05,0.206,0.086
CASACCIA,12.3,42.03,86/05/06,0.239,0.081
CASACCIA,12.3,42.03,86/05/06,0.385,0.123
CASACCIA,12.3,42.03,86/05/06,0.444,0.148
CASACCIA,12.3,42.03,86/05/07,0.173,0.068
CASACCIA,12.3,42.03,86/05/07,0.23,0.079
CASACCIA,12.3,42.03,86/05/07,0.152,0.069
CASACCIA,12.3,42.03,86/05/08,0.137,0.062
CASACCIA,12.3,42.03,86/05/08,0.176,0.083
CASACCIA,12.3,42.03,86/05/10,0.064,0.027
CASACCIA,12.3,42.03,86/05/11,0.027,0.005
CASACCIA,12.3,42.03,86/05/12,0.014,0.001
CASACCIA,12.3,42.03,86/05/15,0.008,0.001
TRISAIA,16.63,40.17,86/05/02,0.709,0.107
TRISAIA,16.63,40.17,86/05/02,5.013,0.63
TRISAIA,16.63,40.17,86/05/03,5.22,0.83
TRISAIA,16.63,40.17,86/05/03,6.603,0.926
TRISAIA,16.63,40.17,86/05/04,5.565,0.789
TRISAIA,16.63,40.17,86/05/04,2.457,0.593
TRISAIA,16.63,40.17,86/05/05,0.11,0.037
TRISAIA,16.63,40.17,86/05/05,0.142,0.033
TRISAIA,16.63,40.17,86/05/06,1.541,0.407
TRISAIA,16.63,40.17,86/05/06,0.913,0.178
TRISAIA,16.63,40.17,86/05/07,0.651,0.144
TRISAIA,16.63,40.17,86/05/07,0.531,0.122
TRISAIA,16.63,40.17,86/05/08,0.328,0.089
TRISAIA,16.63,40.17,86/05/08,0.344,0.124
TRISAIA,16.63,40.17,86/05/09,0.2,0.089
TRISAIA,16.63,40.17,86/05/09,0.093,0.04
TRISAIA,16.63,40.17,86/05/10,0.068,0.02
TRISAIA,16.63,40.17,86/05/10,0.041,0.003
TRISAIA,16.63,40.17,86/05/11,0.023,0.001
TRISAIA,16.63,40.17,86/05/11,0.028,0.001
TRISAIA,16.63,40.17,86/05/12,0.013,0.001
TRISAIA,16.63,40.17,86/05/12,0.051,0.003
TRISAIA,16.63,40.17,86/05/13,0.029,0.003
TRISAIA,16.63,40.17,86/05/14,0.054,0.009
TRISAIA,16.63,40.17,86/05/14,0.016,0.001
TRISAIA,16.63,40.17,86/05/15,0.014,0.002
TRISAIA,16.63,40.17,86/05/15,0.011,0.002
TRISAIA,16.63,40.17,86/05/16,0.005,0.001
TRISAIA,16.63,40.17,86/05/17,0.006,0.002
BILTHOVEN,5.18,52.11,86/05/02,0.3,0.06
BILTHOVEN,5.18,52.11,86/05/02,2,0.5
BILTHOVEN,5.18,52.11,86/05/02,4,0.7
BILTHOVEN,5.18,52.11,86/05/02,6,0.9
BILTHOVEN,5.18,52.11,86/05/02,8,1
BILTHOVEN,5.18,52.11,86/05/02,6,1
BILTHOVEN,5.18,52.11,86/05/02,4.8,0.8
BILTHOVEN,5.18,52.11,86/05/03,4,0.8
BILTHOVEN,5.18,52.11,86/05/03,3.1,0.6
BILTHOVEN,5.18,52.11,86/05/03,3.1,0.6
BILTHOVEN,5.18,52.11,86/05/03,2.7,0.5
BILTHOVEN,5.18,52.11,86/05/03,2.7,0.5
BILTHOVEN,5.18,52.11,86/05/03,2.6,0.4
BILTHOVEN,5.18,52.11,86/05/03,2.5,0.4
BILTHOVEN,5.18,52.11,86/05/03,2.4,0.4
BILTHOVEN,5.18,52.11,86/05/03,2.4,0.4
BILTHOVEN,5.18,52.11,86/05/03,2.2,0.3
BILTHOVEN,5.18,52.11,86/05/03,0.6,0.1
BILTHOVEN,5.18,52.11,86/05/03,0.5,0.1
BILTHOVEN,5.18,52.11,86/05/04,0.2,0.01
BILTHOVEN,5.18,52.11,86/05/04,0.9,0.04
BILTHOVEN,5.18,52.11,86/05/04,0.7,0.06
BILTHOVEN,5.18,52.11,86/05/04,0.6,0.03
BILTHOVEN,5.18,52.11,86/05/04,0.6,0.03
BILTHOVEN,5.18,52.11,86/05/06,0.1,0.02
BILTHOVEN,5.18,52.11,86/05/06,0.03,0.004
BILTHOVEN,5.18,52.11,86/05/07,0.04,0.01
EELDE,6.56,53.13,86/05/02,0.29,0.05
EELDE,6.56,53.13,86/05/02,7.19,1.2
EELDE,6.56,53.13,86/05/02,5.61,0.94
EELDE,6.56,53.13,86/05/03,1.8,0.22
EELDE,6.56,53.13,86/05/03,0.9,0.07
EELDE,6.56,53.13,86/05/03,1.03,0.18
EELDE,6.56,53.13,86/05/04,1.18,0.2
EELDE,6.56,53.13,86/05/06,0.13,0.03
GRONINGEN,6.53,53.25,86/05/02,9,1.43
VLISSINGEN,3.58,51.45,86/05/02,0.78,0.2
VLISSINGEN,3.58,51.45,86/05/02,5.12,1.3
VLISSINGEN,3.58,51.45,86/05/02,1.67,0.39
VLISSINGEN,3.58,51.45,86/05/03,2.24,0.38
VLISSINGEN,3.58,51.45,86/05/03,1.06,0.3
BERKELEY,-2.45,51.69,86/05/02,0.07,0.016
BERKELEY,-2.45,51.69,86/05/02,1.1,0.26
BERKELEY,-2.45,51.69,86/05/02,2.1,0.36
BERKELEY,-2.45,51.69,86/05/03,0.22,0.07
BERKELEY,-2.45,51.69,86/05/03,0.006,0.0003
BERKELEY,-2.45,51.69,86/05/04,0.003,0.0002
BERKELEY,-2.45,51.69,86/05/05,0.003,0.0003
BERKELEY,-2.45,51.69,86/05/07,0.009,0.001
BERKELEY,-2.45,51.69,86/05/07,0.017,0.0025
BERKELEY,-2.45,51.69,86/05/09,0.003,0.00035
BERKELEY,-2.45,51.69,86/05/11,0.0017,0.00028
BERKELEY,-2.45,51.69,86/05/12,0.002,0.0003
BERKELEY,-2.45,51.69,86/05/14,0.0025,0.00052
BERKELEY,-2.45,51.69,86/05/15,0.0016,0.0006
CHAPELCROSS,-3.61,55.06,86/05/03,2.7,1.2
CHAPELCROSS,-3.61,55.06,86/05/04,0.83,0.1
CHAPELCROSS,-3.61,55.06,86/05/06,0.031,0.0029
CHAPELCROSS,-3.61,55.06,86/05/08,0.005,0.009
CHAPELCROSS,-3.61,55.06,86/05/09,0.032,0.005
CHAPELCROSS,-3.61,55.06,86/05/14,0.0046,0.0013
GLASGOW,-4.83,56,86/05/03,0.75,0.24
GLASGOW,-4.83,56,86/05/03,2.2,0.77
GLASGOW,-4.83,56,86/05/03,0.594,0.141
GLASGOW,-4.83,56,86/05/04,0.309,0.136
GLASGOW,-4.83,56,86/05/04,0.176,0.06
GLASGOW,-4.83,56,86/05/04,0.026,0.004
GLASGOW,-4.83,56,86/05/04,0.021,0.008
GLASGOW,-4.83,56,86/05/05,0.006,0.0003
GLASGOW,-4.83,56,86/05/06,0.058,0.006
GLASGOW,-4.83,56,86/05/07,0.004,0.0009
GLASGOW,-4.83,56,86/05/08,0.0038,0.0008
GLASGOW,-4.83,56,86/05/09,0.0083,0.0009
GLASGOW,-4.83,56,86/05/10,0.0012,0.0003
GLASGOW,-4.83,56,86/05/11,0.001,0.0003
GLASGOW,-4.83,56,86/05/12,0.0034,0.0006
GLASGOW,-4.83,56,86/05/13,0.0016,0.0003
GLASGOW,-4.83,56,86/05/14,0.0038,0.0007
GLASGOW,-4.83,56,86/05/15,0.0024,0.0008
GLASGOW,-4.83,56,86/05/16,0.0027,0.0009
GLASGOW,-4.83,56,86/05/17,0.0026,0.0011
GLASGOW,-4.83,56,86/05/19,0.0024,0.0015
GLASGOW,-4.83,56,86/05/23,0.0019,0.0011
GLASGOW,-4.83,56,86/05/30,0.0005,0.0005
HARWELL,-1.3,51.62,86/05/02,1.43,0.43
HARWELL,-1.3,51.62,86/05/03,0.83,0.3
HARWELL,-1.3,51.62,86/05/04,0.0058,0.00038
HARWELL,-1.3,51.62,86/05/06,0.001,0.000014
HARWELL,-1.3,51.62,86/05/07,0.0046,0.00045
HARWELL,-1.3,51.62,86/05/08,0.0073,0.00155
HARWELL,-1.3,51.62,86/05/09,0.0043,0.00057
HARWELL,-1.3,51.62,86/05/10,0.00027,0.000012
HARWELL,-1.3,51.62,86/05/11,0.00155,0.00012
HARWELL,-1.3,51.62,86/05/12,0.0031,0.00027
HARWELL,-1.3,51.62,86/05/13,0.0032,0.00033
HARWELL,-1.3,51.62,86/05/14,0.0029,0.00028
HARWELL,-1.3,51.62,86/05/15,0.0022,0.00062
HARWELL,-1.3,51.62,86/05/16,0.00195,0.00061
HARWELL,-1.3,51.62,86/05/17,0.0026,0.00079
HARWELL,-1.3,51.62,86/05/18,0.00115,0.00047
HARWELL,-1.3,51.62,86/05/19,0.0023,0.00115
HARWELL,-1.3,51.62,86/05/20,0.0018,0.00115
HARWELL,-1.3,51.62,86/05/22,0.0021,0.00072
HARWELL,-1.3,51.62,86/05/23,0.0043,0.0019
HARWELL,-1.3,51.62,86/05/02,0.5,0.06
HARWELL,-1.3,51.62,86/05/02,3.18,0.7
HARWELL,-1.3,51.62,86/05/02,5.32,0.9
HARWELL,-1.3,51.62,86/05/02,4.2,0.71
HARWELL,-1.3,51.62,86/05/02,3.03,0.64
HARWELL,-1.3,51.62,86/05/03,0.6,0.2
HARWELL,-1.3,51.62,86/05/03,0.03,0.001
HARWELL,-1.3,51.62,86/05/07,0.006,0.0003
HARWELL,-1.3,51.62,86/05/07,0.08,0.005
HARWELL,-1.3,51.62,86/05/07,0.007,0.001
HARWELL,-1.3,51.62,86/05/07,0.02,0.00092
HARWELL,-1.3,51.62,86/05/08,0.0054,0.0007
HARWELL,-1.3,51.62,86/05/09,0.0057,0.001
BRUXELLES(Ixelles),4.33,50.78,86/05/02,1.33,0.39
BRUXELLES(Ixelles),4.33,50.78,86/05/02,10.25,2.45
BRUXELLES(Ixelles),4.33,50.78,86/05/02,9.02,2.23
BRUXELLES(Ixelles),4.33,50.78,86/05/02,7.56,1.85
BRUXELLES(Ixelles),4.33,50.78,86/05/02,4.12,1.17
BRUXELLES(Ixelles),4.33,50.78,86/05/02,1.61,0.28
BRUXELLES(Ixelles),4.33,50.78,86/05/02,1.43,0.17
BRUXELLES(Ixelles),4.33,50.78,86/05/02,1.82,0.41
BRUXELLES(Ixelles),4.33,50.78,86/05/03,1.58,0.37
BRUXELLES(Ixelles),4.33,50.78,86/05/03,2.32,0.16
BRUXELLES(Ixelles),4.33,50.78,86/05/03,2.45,0.22
BRUXELLES(Ixelles),4.33,50.78,86/05/03,2.12,0.18
BRUXELLES(Ixelles),4.33,50.78,86/05/03,1.01,0.09
BRUXELLES(Ixelles),4.33,50.78,86/05/03,1.84,0.09
BRUXELLES(Ixelles),4.33,50.78,86/05/03,1.68,0.1
BRUXELLES(Ixelles),4.33,50.78,86/05/03,1.7,0.08
BRUXELLES(Ixelles),4.33,50.78,86/05/03,1.75,0.12
BRUXELLES(Ixelles),4.33,50.78,86/05/04,0.19,0.03
BRUXELLES(Ixelles),4.33,50.78,86/05/05,0.1274,0.0125
BRUXELLES(Ixelles),4.33,50.78,86/05/05,0.1546,0.0404
BRUXELLES(Ixelles),4.33,50.78,86/05/07,0.0148,0.0025
BRUXELLES(Ixelles),4.33,50.78,86/05/08,0.0117,0.0021
BRUXELLES(Ixelles),4.33,50.78,86/05/13,0.0033,0.00047
BRUXELLES(Ixelles),4.33,50.78,86/05/14,0.0055,0.0004
BRUXELLES(Ixelles),4.33,50.78,86/05/15,0.0046,0.0004
BRUXELLES(Ixelles),4.33,50.78,86/05/16,0.0028,0.0007
BRUXELLES(Ixelles),4.33,50.78,86/05/17,0.004,0.0012
MOL,5.12,51.18,86/05/02,1.68,0.41
MOL,5.12,51.18,86/05/02,7.8,1.91
MOL,5.12,51.18,86/05/02,3.5,0.98
MOL,5.12,51.18,86/05/03,1.98,0.64
MOL,5.12,51.18,86/05/04,0.81,0.156
MOL,5.12,51.18,86/05/05,0.1,0.017
MOL,5.12,51.18,86/05/05,0.92,0.23
MOL,5.12,51.18,86/05/06,0.09,0.025
MOL,5.12,51.18,86/05/07,0.051,0.012
MOL,5.12,51.18,86/05/08,0.0116,0.00148
MOL,5.12,51.18,86/05/09,0.0088,0.00057
MOL,5.12,51.18,86/05/10,0.0068,0.00091
MOL,5.12,51.18,86/05/11,0.00194,0.00014
MOL,5.12,51.18,86/05/12,0.0106,0.0005
MOL,5.12,51.18,86/05/12,0.026,0.0058
MOL,5.12,51.18,86/05/13,0.0036,0.00023
MOL,5.12,51.18,86/05/14,0.007,0.0003
MOL,5.12,51.18,86/05/15,0.0056,0.0004
MOL,5.12,51.18,86/05/16,0.0036,0.00066
MOL,5.12,51.18,86/05/17,0.0056,0.00148
MOL,5.12,51.18,86/05/18,0.0029,0.00075
MOL,5.12,51.18,86/05/19,0.004,0.00108
MOL,5.12,51.18,86/05/19,0.0046,0.0007
MOL,5.12,51.18,86/05/20,0.0035,0.0015
MOL,5.12,51.18,86/05/21,0.00189,0.00062
MOL,5.12,51.18,86/05/22,0.003,0.00091
MOL,5.12,51.18,86/05/23,0.0043,0.0013
MOL,5.12,51.18,86/05/24,0.0031,0.00129
MOL,5.12,51.18,86/05/25,0.00184,0.00071
MOL,5.12,51.18,86/05/26,0.00159,0.00084
MOL,5.12,51.18,86/05/26,0.0028,0.00102
FRIBOURG,7.12,46.49,86/04/30,0.041,0.008
FRIBOURG,7.12,46.49,86/04/30,0.777,0.37
FRIBOURG,7.12,46.49,86/05/01,3.33,0.444
FRIBOURG,7.12,46.49,86/05/01,4.255,0.592
FRIBOURG,7.12,46.49,86/05/02,2.775,0.536
FRIBOURG,7.12,46.49,86/05/02,1.85,0.296
FRIBOURG,7.12,46.49,86/05/03,1.147,0.222
FRIBOURG,7.12,46.49,86/05/03,1,0.185
FRIBOURG,7.12,46.49,86/05/04,0.185,0.033
FRIBOURG,7.12,46.49,86/05/04,0.37,0.074
FRIBOURG,7.12,46.49,86/05/05,0.307,0.077
FRIBOURG,7.12,46.49,86/05/06,0.111,0.022
FRIBOURG,7.12,46.49,86/05/07,0.13,0.033
LOCARNO Monti,8.48,46.15,86/05/01,2.294,0.407
LOCARNO Monti,8.48,46.15,86/05/02,2.59,1.48
LOCARNO Monti,8.48,46.15,86/05/03,1.184,0.37
LOCARNO Monti,8.48,46.15,86/05/04,0.481,0.118
LOCARNO Monti,8.48,46.15,86/05/05,0.0814,0.026
LOCARNO Monti,8.48,46.15,86/05/06,0.333,0.148
LOCARNO Monti,8.48,46.15,86/05/07,0.444,0.37
LOCARNO Monti,8.48,46.15,86/05/08,0.122,0.0444
SPIEZ,7.42,46.42,86/05/01,1.0397,0.1458
SPIEZ,7.42,46.42,86/05/01,3.4706,0.6068
SPIEZ,7.42,46.42,86/05/01,3.552,0.7437
SPIEZ,7.42,46.42,86/05/01,4.366,0.9398
SPIEZ,7.42,46.42,86/05/02,2.6196,0.5698
SPIEZ,7.42,46.42,86/05/02,2.8231,0.4847
SPIEZ,7.42,46.42,86/05/03,2.3532,0.4033
SPIEZ,7.42,46.42,86/05/04,0.3848,0.104
SPIEZ,7.42,46.42,86/05/05,0.3563,0.1029
SPIEZ,7.42,46.42,86/05/06,0.5946,0.1184
SPIEZ,7.42,46.42,86/05/07,0.1902,0.064
SPIEZ,7.42,46.42,86/05/08,0.0369,0.005
SPIEZ,7.42,46.42,86/05/09,0.0209,0.0013
SPIEZ,7.42,46.42,86/05/10,0.0134,0.001
SPIEZ,7.42,46.42,86/05/11,0.0069,0.0002
SPIEZ,7.42,46.42,86/05/14,0.0061,0.0006
SPIEZ,7.42,46.42,86/05/18,0.0016,0.0005
BREGENZ,9.78,47.51,86/05/01,2.4013,0.40293
BREGENZ,9.78,47.51,86/05/02,4.884,1.8315
BREGENZ,9.78,47.51,86/05/03,2.9785,1.16402
BREGENZ,9.78,47.51,86/05/04,1.1803,0.32153
BREGENZ,9.78,47.51,86/05/05,0.1517,0.094424
BREGENZ,9.78,47.51,86/05/06,0.3256,0.11396
BREGENZ,9.78,47.51,86/05/07,0.666,0.23199
BREGENZ,9.78,47.51,86/05/08,0.10286,0.027269
BREGENZ,9.78,47.51,86/05/09,0.02553,0.002035
BREGENZ,9.78,47.51,86/05/10,0.02183,0.002035
BREGENZ,9.78,47.51,86/05/11,0.0148,0.001261
BREGENZ,9.78,47.51,86/05/12,0.00925,0.000773
BREGENZ,9.78,47.51,86/05/13,0.00666,0.000651
BREGENZ,9.78,47.51,86/05/14,0.00666,0.001465
BREGENZ,9.78,47.51,86/05/15,0.00629,0.001058
GRAZ,15.36,47.08,86/04/30,25.382,2.863245
GRAZ,15.36,47.08,86/05/01,16.058,1.914935
GRAZ,15.36,47.08,86/05/02,2.7343,0.50875
GRAZ,15.36,47.08,86/05/03,9.731,1.9129
INNSBRUCK,11.41,47.28,86/05/02,3.552,1.0582
INNSBRUCK,11.41,47.28,86/05/02,4.736,1.3024
INNSBRUCK,11.41,47.28,86/05/02,6.105,0.814
INNSBRUCK,11.41,47.28,86/05/03,2.664,0.61864
INNSBRUCK,11.41,47.28,86/05/03,3.589,0.70004
INNSBRUCK,11.41,47.28,86/05/03,6.327,1.11925
INNSBRUCK,11.41,47.28,86/05/04,1.702,0.48433
INNSBRUCK,11.41,47.28,86/05/04,1.702,0.35816
INNSBRUCK,11.41,47.28,86/05/04,1.2395,0.2035
INNSBRUCK,11.41,47.28,86/05/05,1.147,0.34595
INNSBRUCK,11.41,47.28,86/05/05,2.516,0.58201
INNSBRUCK,11.41,47.28,86/05/05,1.85,0.37037
INNSBRUCK,11.41,47.28,86/05/06,0.9176,0.3256
INNSBRUCK,11.41,47.28,86/05/06,1.628,0.35816
INNSBRUCK,11.41,47.28,86/05/06,5.587,0.72039
INNSBRUCK,11.41,47.28,86/05/07,7.252,2.3606
INNSBRUCK,11.41,47.28,86/05/07,1.295,0.23606
INNSBRUCK,11.41,47.28,86/05/08,0.4514,0.15873
INNSBRUCK,11.41,47.28,86/05/08,0.10471,0.006919
INNSBRUCK,11.41,47.28,86/05/08,0.074,0.002442
INNSBRUCK,11.41,47.28,86/05/09,0.05328,0.001628
INNSBRUCK,11.41,47.28,86/05/09,0.10434,0.002849
INNSBRUCK,11.41,47.28,86/05/10,0.05587,0.002971
INNSBRUCK,11.41,47.28,86/05/10,0.07067,0.001855
INNSBRUCK,11.41,47.28,86/05/11,0.04181,0.001884
INNSBRUCK,11.41,47.28,86/05/11,0.08658,0.004395
INNSBRUCK,11.41,47.28,86/05/12,0.027491,0.001017
INNSBRUCK,11.41,47.28,86/05/12,0.04884,0.004395
INNSBRUCK,11.41,47.28,86/05/13,0.02553,0.001424
INNSBRUCK,11.41,47.28,86/05/13,0.028453,0.001505
INNSBRUCK,11.41,47.28,86/05/13,0.036852,0.00179
INNSBRUCK,11.41,47.28,86/05/14,0.022274,0.002075
INNSBRUCK,11.41,47.28,86/05/14,0.036334,0.00293
INNSBRUCK,11.41,47.28,86/05/14,0.027676,0.002319
INNSBRUCK,11.41,47.28,86/05/15,0.011285,0.001628
KLAGENFURT,14.33,46.63,86/04/30,0.08103,0.010582
KLAGENFURT,14.33,46.63,86/04/30,4.292,0.63085
KLAGENFURT,14.33,46.63,86/04/30,11.692,1.5466
KLAGENFURT,14.33,46.63,86/05/01,5.1615,1.15995
KLAGENFURT,14.33,46.63,86/05/02,4.255,1.221
KLAGENFURT,14.33,46.63,86/05/03,2.109,0.7733
KLAGENFURT,14.33,46.63,86/05/04,1.1618,0.5291
KLAGENFURT,14.33,46.63,86/05/05,0.6808,0.2849
KLAGENFURT,14.33,46.63,86/05/05,1.0175,0.32967
KLAGENFURT,14.33,46.63,86/05/05,1.5466,0.35002
KLAGENFURT,14.33,46.63,86/05/06,0.5217,0.22792
KLAGENFURT,14.33,46.63,86/05/06,0.7992,0.26455
KLAGENFURT,14.33,46.63,86/05/06,0.8066,0.15466
KLAGENFURT,14.33,46.63,86/05/07,0.23051,0.06919
KLAGENFURT,14.33,46.63,86/05/07,0.6771,0.17501
KLAGENFURT,14.33,46.63,86/05/07,1.3024,0.2442
KLAGENFURT,14.33,46.63,86/05/08,0.3959,0.17908
KLAGENFURT,14.33,46.63,86/05/08,0.4551,0.22792
KLAGENFURT,14.33,46.63,86/05/08,0.1258,0.030932
KLAGENFURT,14.33,46.63,86/05/09,0.02553,0.002849
KLAGENFURT,14.33,46.63,86/05/09,0.05513,0.002849
KLAGENFURT,14.33,46.63,86/05/09,0.08103,0.003418
KLAGENFURT,14.33,46.63,86/05/10,0.027491,0.00175
KLAGENFURT,14.33,46.63,86/05/10,0.04736,0.003174
KLAGENFURT,14.33,46.63,86/05/10,0.04662,0.002767
KLAGENFURT,14.33,46.63,86/05/11,0.032597,0.00179
KLAGENFURT,14.33,46.63,86/05/11,0.05328,0.002319
KLAGENFURT,14.33,46.63,86/05/11,0.06253,0.002686
KLAGENFURT,14.33,46.63,86/05/12,0.030673,0.002645
KLAGENFURT,14.33,46.63,86/05/12,0.04181,0.002442
KLAGENFURT,14.33,46.63,86/05/12,0.04995,0.003744
KLAGENFURT,14.33,46.63,86/05/13,0.029711,0.002971
KLAGENFURT,14.33,46.63,86/05/13,0.03885,0.002157
KLAGENFURT,14.33,46.63,86/05/13,0.05106,0.003907
KLAGENFURT,14.33,46.63,86/05/14,0.022607,0.00293
KLAGENFURT,14.33,46.63,86/05/14,0.04181,0.003947
KLAGENFURT,14.33,46.63,86/05/14,0.030858,0.003418
KLAGENFURT,14.33,46.63,86/05/15,0.016095,0.002686
KLAGENFURT,14.33,46.63,86/05/15,0.018796,0.002767
KLAGENFURT,14.33,46.63,86/05/15,0.018056,0.002319
KLAGENFURT,14.33,46.63,86/05/16,0.009139,0.001912
LINZ,14.3,48.31,86/04/30,9.852796,1.853151
LINZ,14.3,48.31,86/04/30,6.855303,1.117017
LINZ,14.3,48.31,86/04/30,7.234724,1.187028
LINZ,14.3,48.31,86/04/30,10.773426,2.021609
LINZ,14.3,48.31,86/04/30,9.701829,1.733288
LINZ,14.3,48.31,86/04/30,11.363028,2.074672
LINZ,14.3,48.31,86/04/30,13.39248,2.462631
LINZ,14.3,48.31,86/04/30,9.623236,1.325711
LINZ,14.3,48.31,86/04/30,11.371501,1.420974
LINZ,14.3,48.31,86/04/30,11.314882,1.870807
LINZ,14.3,48.31,86/04/30,9.728632,1.860387
LINZ,14.3,48.31,86/04/30,11.199826,2.357032
LINZ,14.3,48.31,86/05/01,11.710206,2.738966
LINZ,14.3,48.31,86/05/01,9.504857,2.632619
LINZ,14.3,48.31,86/05/01,12.336706,3.894281
LINZ,14.3,48.31,86/05/01,17.476913,4.185638
LINZ,14.3,48.31,86/05/01,27.59828,4.381013
LINZ,14.3,48.31,86/05/01,16.020846,3.735198
LINZ,14.3,48.31,86/05/02,5.449925,1.676475
LINZ,14.3,48.31,86/05/02,2.127477,0.600894
LINZ,14.3,48.31,86/05/02,0.957039,0.159666
LINZ,14.3,48.31,86/05/02,2.171908,0.429893
LINZ,14.3,48.31,86/05/02,2.415295,0.546652
LINZ,14.3,48.31,86/05/03,1.682476,0.372138
LINZ,14.3,48.31,86/05/03,2.035357,0.556372
LINZ,14.3,48.31,86/05/03,2.739566,0.712059
LINZ,14.3,48.31,86/05/03,10.985739,2.195656
LINZ,14.3,48.31,86/05/03,10.192993,3.045522
LINZ,14.3,48.31,86/05/04,4.047097,1.681912
LINZ,14.3,48.31,86/05/04,1.74779,0.774607
LINZ,14.3,48.31,86/05/04,1.477822,0.442762
LINZ,14.3,48.31,86/05/04,0.970949,0.28513
LINZ,14.3,48.31,86/05/05,1.0445,0.497671
LINZ,14.3,48.31,86/05/05,0.910622,0.326865
LINZ,14.3,48.31,86/05/05,1.030643,0.276423
LINZ,14.3,48.31,86/05/05,1.25812,0.399095
LINZ,14.3,48.31,86/05/06,1.016698,0.504171
LINZ,14.3,48.31,86/05/06,0.906648,0.235149
LINZ,14.3,48.31,86/05/06,0.848654,0.209331
LINZ,14.3,48.31,86/05/07,1.157445,0.364356
LINZ,14.3,48.31,86/05/07,0.88981,0.277798
LINZ,14.3,48.31,86/05/08,0.376864,0.168673
LINZ,14.3,48.31,86/05/11,0.03247,0.004406
LINZ,14.3,48.31,86/05/12,0.016764,0.004452
SALZBURG,13.05,47.9,86/04/30,0.093023,0.026458
SALZBURG,13.05,47.9,86/05/01,5.008485,1.378296
SALZBURG,13.05,47.9,86/05/02,0.853809,0.216814
SALZBURG,13.05,47.9,86/05/03,3.311836,1.1069
SALZBURG,13.05,47.9,86/05/04,3.307981,0.936478
SALZBURG,13.05,47.9,86/05/05,1.104495,0.358949
SALZBURG,13.05,47.9,86/05/06,0.613658,0.175408
SALZBURG,13.05,47.9,86/05/07,0.535393,0.212486
SALZBURG,13.05,47.9,86/05/08,0.619352,0.21082
SALZBURG,13.05,47.9,86/05/09,0.040823,0.004043
SALZBURG,13.05,47.9,86/05/10,0.038135,0.003855
SALZBURG,13.05,47.9,86/05/11,0.035635,0.003812
SALZBURG,13.05,47.9,86/05/12,0.026112,0.002663
SALZBURG,13.05,47.9,86/05/14,0.010667,0.003848
SALZBURG,13.05,47.9,86/05/15,0.006965,0.000998
KONALA(Helsinki)NW,25,60.13,86/05/05,0.239,0.001
KONALA(Helsinki)NW,25,60.13,86/05/06,0.128,0.574
KONALA(Helsinki)NW,25,60.13,86/05/06,0.18,0.54
KONALA(Helsinki)NW,25,60.13,86/05/07,0.108,1.637
KONALA(Helsinki)NW,25,60.13,86/05/07,0.228,1.623
KONALA(Helsinki)NW,25,60.13,86/05/08,0.135,0.948
KONALA(Helsinki)NW,25,60.13,86/05/09,0.092,0.27
KONALA(Helsinki)NW,25,60.13,86/05/10,0.075,0.099
KONALA(Helsinki)NW,25,60.13,86/05/11,0.039,0.264
KONALA(Helsinki)NW,25,60.13,86/05/12,0.046,0.383
KONALA(Helsinki)NW,25,60.13,86/05/14,0.0067,0.06
KONALA(Helsinki)NW,25,60.13,86/05/16,0.0072,0.004
KONALA(Helsinki)NW,25,60.13,86/05/19,0.00281,0.013
KONALA(Helsinki)NW,25,60.13,86/05/23,0.00192,0.01
KONALA(Helsinki)NW,25,60.13,86/05/30,0.00062,0.017
GOETEBORG,12,57.75,86/04/29,0.469,0.111
GOETEBORG,12,57.75,86/04/29,0.011,0.00828
GOETEBORG,12,57.75,86/04/30,0.00397,0.0024
GOETEBORG,12,57.75,86/05/02,0.000856,0.000519
GOETEBORG,12,57.75,86/05/03,0.111,0.000173
GOETEBORG,12,57.75,86/05/04,0.129,0.000396
GOETEBORG,12,57.75,86/05/04,0.169,0.00183
GOETEBORG,12,57.75,86/05/05,0.206,0.00757
GOETEBORG,12,57.75,86/05/06,0.3,0.0078
GOETEBORG,12,57.75,86/05/07,0.206,0.0125
GOETEBORG,12,57.75,86/05/09,0.189,0.0525
GOETEBORG,12,57.75,86/05/10,0.0255,0.00475
GOETEBORG,12,57.75,86/05/11,0.00329,0.000514
GOETEBORG,12,57.75,86/05/12,0.0011,0.000205
GOETEBORG,12,57.75,86/05/13,0.00369,0.00104
GOETEBORG,12,57.75,86/05/14,0.0021,0.000373
GOETEBORG,12,57.75,86/05/15,0.00254,0.000362
GOETEBORG,12,57.75,86/05/16,0.00233,0.000589
GOETEBORG,12,57.75,86/05/17,0.00113,0.00023
GOETEBORG,12,57.75,86/05/18,0.00108,0.00033
GOETEBORG,12,57.75,86/05/19,0.00156,0.000713
GOETEBORG,12,57.75,86/05/20,0.00109,0.00121
GOETEBORG,12,57.75,86/05/22,0.00119,0.00099
GOETEBORG,12,57.75,86/05/23,0.000784,0.000248
GOETEBORG,12,57.75,86/05/26,0.000731,0.00104
LJUNGBYHED,13.92,56.82,86/04/28,2.77,0.481
LJUNGBYHED,13.92,56.82,86/04/28,0.0379,0.0162
LJUNGBYHED,13.92,56.82,86/05/02,0.00197,0.00022
LJUNGBYHED,13.92,56.82,86/05/03,0.00908,0.000198
LJUNGBYHED,13.92,56.82,86/05/03,0.255,0.000644
LJUNGBYHED,13.92,56.82,86/05/04,0.217,0.00713
LJUNGBYHED,13.92,56.82,86/05/05,0.183,0.0127
LJUNGBYHED,13.92,56.82,86/05/05,0.0886,0.00378
LJUNGBYHED,13.92,56.82,86/05/05,0.336,0.0122
LJUNGBYHED,13.92,56.82,86/05/05,0.401,0.00713
LJUNGBYHED,13.92,56.82,86/05/06,0.234,0.00397
LJUNGBYHED,13.92,56.82,86/05/06,0.107,0.002
LJUNGBYHED,13.92,56.82,86/05/06,0.277,0.00599
LJUNGBYHED,13.92,56.82,86/05/06,0.274,0.00334
LJUNGBYHED,13.92,56.82,86/05/06,0.267,0.003
LJUNGBYHED,13.92,56.82,86/05/07,0.122,0.00279
LJUNGBYHED,13.92,56.82,86/05/07,0.153,0.00691
LJUNGBYHED,13.92,56.82,86/05/07,0.558,0.0391
LJUNGBYHED,13.92,56.82,86/05/07,1.71,0.184
LJUNGBYHED,13.92,56.82,86/05/08,1.6,0.28
LJUNGBYHED,13.92,56.82,86/05/08,0.612,0.057
LJUNGBYHED,13.92,56.82,86/05/08,1.06,0.194
LJUNGBYHED,13.92,56.82,86/05/08,0.587,0.105
LJUNGBYHED,13.92,56.82,86/05/08,0.0255,0.00209
LJUNGBYHED,13.92,56.82,86/05/09,0.0167,0.0015
LJUNGBYHED,13.92,56.82,86/05/09,0.00827,0.000819
LJUNGBYHED,13.92,56.82,86/05/09,0.0087,0.000291
LJUNGBYHED,13.92,56.82,86/05/10,0.00877,0.000187
LJUNGBYHED,13.92,56.82,86/05/11,0.00653,0.00039
LJUNGBYHED,13.92,56.82,86/05/11,0.145,0.0303
LJUNGBYHED,13.92,56.82,86/05/12,0.00127,0.00011
LJUNGBYHED,13.92,56.82,86/05/13,0.00352,0.000407
LJUNGBYHED,13.92,56.82,86/05/14,0.00466,0.000473
LJUNGBYHED,13.92,56.82,86/05/15,0.00457,0.000473
LJUNGBYHED,13.92,56.82,86/05/15,0.0042,0.000398
LJUNGBYHED,13.92,56.82,86/05/16,0.002,0.00056
LJUNGBYHED,13.92,56.82,86/05/17,0.00118,0.000105
LJUNGBYHED,13.92,56.82,86/05/18,0.00158,0.000316
LJUNGBYHED,13.92,56.82,86/05/19,0.00205,0.000771
LJUNGBYHED,13.92,56.82,86/05/20,0.00167,0.00113
LJUNGBYHED,13.92,56.82,86/05/21,0.00199,0.00155
LJUNGBYHED,13.92,56.82,86/05/22,0.00169,0.000763
LJUNGBYHED,13.92,56.82,86/05/23,0.00209,0.000986
LJUNGBYHED,13.92,56.82,86/05/24,0.00225,0.00136
LJUNGBYHED,13.92,56.82,86/05/25,0.00103,0.00107
LJUNGBYHED,13.92,56.82,86/05/26,0.000804,0.00078
LJUNGBYHED,13.92,56.82,86/05/26,0.00197,0.00102
OESTERSUND,14.67,63.17,86/04/28,0.000925,0.000112
OESTERSUND,14.67,63.17,86/04/30,0.481,0.0112
OESTERSUND,14.67,63.17,86/05/01,0.418,0.0289
OESTERSUND,14.67,63.17,86/05/02,0.101,0.000571
OESTERSUND,14.67,63.17,86/05/03,0.0225,0.000112
OESTERSUND,14.67,63.17,86/05/03,0.038,0.000216
OESTERSUND,14.67,63.17,86/05/04,0.0468,0.000165
OESTERSUND,14.67,63.17,86/05/06,0.071,0.00317
OESTERSUND,14.67,63.17,86/05/07,0.161,0.04
OESTERSUND,14.67,63.17,86/05/09,0.178,0.0256
OESTERSUND,14.67,63.17,86/05/13,0.0653,0.0252
OESTERSUND,14.67,63.17,86/05/14,0.00256,0.000541
OESTERSUND,14.67,63.17,86/05/15,0.00279,0.000304
OESTERSUND,14.67,63.17,86/05/16,0.00998,0.00197
OESTERSUND,14.67,63.17,86/05/20,0.00112,0.000687
STOCKHOLM,18.08,59.33,86/04/28,0.621,0.0339
STOCKHOLM,18.08,59.33,86/04/28,5.06,0.526
STOCKHOLM,18.08,59.33,86/04/28,11.8,0.926
STOCKHOLM,18.08,59.33,86/04/28,11.6,0.935
STOCKHOLM,18.08,59.33,86/04/28,8.72,0.785
STOCKHOLM,18.08,59.33,86/04/29,6.02,0.611
STOCKHOLM,18.08,59.33,86/04/29,2.65,0.233
STOCKHOLM,18.08,59.33,86/04/29,2.83,0.182
STOCKHOLM,18.08,59.33,86/04/29,4.34,0.306
STOCKHOLM,18.08,59.33,86/04/29,4.97,0.419
STOCKHOLM,18.08,59.33,86/04/29,2.93,0.532
STOCKHOLM,18.08,59.33,86/04/29,2.66,0.558
STOCKHOLM,18.08,59.33,86/04/30,0.971,0.0286
STOCKHOLM,18.08,59.33,86/04/30,1.68,0.0546
STOCKHOLM,18.08,59.33,86/04/30,2.39,0.152
STOCKHOLM,18.08,59.33,86/04/30,2.28,0.132
STOCKHOLM,18.08,59.33,86/05/01,0.0733,0.00222
STOCKHOLM,18.08,59.33,86/05/01,0.0933,0.000854
STOCKHOLM,18.08,59.33,86/05/02,0.0585,0.000807
STOCKHOLM,18.08,59.33,86/05/02,0.042,0.000491
STOCKHOLM,18.08,59.33,86/05/03,0.0416,0.000281
STOCKHOLM,18.08,59.33,86/05/03,0.0632,0.00048
STOCKHOLM,18.08,59.33,86/05/04,0.0234,0.000218
STOCKHOLM,18.08,59.33,86/05/05,0.0912,0.0057
STOCKHOLM,18.08,59.33,86/05/05,0.174,0.014
STOCKHOLM,18.08,59.33,86/05/06,0.093,0.0053
STOCKHOLM,18.08,59.33,86/05/06,0.15,0.00346
STOCKHOLM,18.08,59.33,86/05/07,0.216,0.0029
STOCKHOLM,18.08,59.33,86/05/07,0.138,0.00477
STOCKHOLM,18.08,59.33,86/05/08,0.142,0.00692
STOCKHOLM,18.08,59.33,86/05/08,1.85,0.133
STOCKHOLM,18.08,59.33,86/05/09,1.05,0.14
STOCKHOLM,18.08,59.33,86/05/09,1.34,0.223
STOCKHOLM,18.08,59.33,86/05/09,0.0547,0.00582
STOCKHOLM,18.08,59.33,86/05/10,0.0156,0.00157
STOCKHOLM,18.08,59.33,86/05/10,0.0139,0.000365
STOCKHOLM,18.08,59.33,86/05/11,0.00847,0.00058
STOCKHOLM,18.08,59.33,86/05/12,0.00969,0.00181
STOCKHOLM,18.08,59.33,86/05/12,0.00513,0.000654
STOCKHOLM,18.08,59.33,86/05/13,0.00291,0.000293
STOCKHOLM,18.08,59.33,86/05/13,0.00526,0.000741
STOCKHOLM,18.08,59.33,86/05/14,0.00698,0.000956
STOCKHOLM,18.08,59.33,86/05/15,0.00374,0.000385
STOCKHOLM,18.08,59.33,86/05/16,0.00331,0.000644
STOCKHOLM,18.08,59.33,86/05/17,0.00154,0.000491
STOCKHOLM,18.08,59.33,86/05/18,0.00135,0.000205
STOCKHOLM,18.08,59.33,86/05/19,0.0015,0.000633
STOCKHOLM,18.08,59.33,86/05/20,0.000972,0.000522
STOCKHOLM,18.08,59.33,86/05/21,0.0015,0.000855
STOCKHOLM,18.08,59.33,86/05/22,0.00216,0.00138
STOCKHOLM,18.08,59.33,86/05/23,0.00197,0.000969
STOCKHOLM,18.08,59.33,86/05/25,0.00176,0.00132
STOCKHOLM,18.08,59.33,86/05/26,0.000745,0.000701
STOCKHOLM,18.08,59.33,86/05/27,0.00102,0.0005
STOCKHOLM,18.08,59.33,86/05/28,0.000524,0.000451
STOCKHOLM,18.08,59.33,86/05/29,0.000534,0.000325
STOCKHOLM,18.08,59.33,86/05/30,0.000364,0.000173
STOCKHOLM,18.08,59.33,86/05/31,0.000338,0.000177
UMEAA,20.25,63.83,86/04/28,0.000367,0.000032
UMEAA,20.25,63.83,86/04/29,0.08,0.00873
UMEAA,20.25,63.83,86/04/29,0.708,0.00121
UMEAA,20.25,63.83,86/04/30,0.179,0.00422
UMEAA,20.25,63.83,86/04/30,0.0837,0.00135
UMEAA,20.25,63.83,86/05/01,1.11,0.06
UMEAA,20.25,63.83,86/05/01,0.374,0.0243
UMEAA,20.25,63.83,86/05/02,0.227,0.00755
UMEAA,20.25,63.83,86/05/03,0.183,0.00967
UMEAA,20.25,63.83,86/05/04,0.0538,0.00133
UMEAA,20.25,63.83,86/05/04,0.114,0.00724
UMEAA,20.25,63.83,86/05/05,0.047,0.00732
UMEAA,20.25,63.83,86/05/05,0.0459,0.00441
UMEAA,20.25,63.83,86/05/06,0.0701,0.00869
UMEAA,20.25,63.83,86/05/07,0.0489,0.00552
UMEAA,20.25,63.83,86/05/08,0.0415,0.0109
UMEAA,20.25,63.83,86/05/09,0.0242,0.00433
UMEAA,20.25,63.83,86/05/10,0.107,0.0315
UMEAA,20.25,63.83,86/05/11,0.0104,0.00261
UMEAA,20.25,63.83,86/05/12,0.00766,0.000606
UMEAA,20.25,63.83,86/05/13,0.0151,0.00163
UMEAA,20.25,63.83,86/05/14,0.003,0.000386
UMEAA,20.25,63.83,86/05/15,0.00265,0.000839
UMEAA,20.25,63.83,86/05/16,0.00259,0.0011
UMEAA,20.25,63.83,86/05/17,0.00217,0.000462
UMEAA,20.25,63.83,86/05/18,0.00143,0.000651
UMEAA,20.25,63.83,86/05/19,0.00296,0.000685
UMEAA,20.25,63.83,86/05/20,0.00173,0.000827
UMEAA,20.25,63.83,86/05/21,0.000832,0.000604
UMEAA,20.25,63.83,86/05/22,0.00089,0.000582
UMEAA,20.25,63.83,86/05/23,0.00116,0.000694
UMEAA,20.25,63.83,86/05/24,0.00134,0.00116
UMEAA,20.25,63.83,86/05/25,0.00185,0.00147
UMEAA,20.25,63.83,86/05/26,0.000948,0.000979
BANSKA,48.73,19.17,86/05/02,1.24,0.05
BANSKA,48.73,19.17,86/05/08,1.29,0.205
BRATISLAVA,48.17,17.17,86/04/30,5.94,0.74
BRATISLAVA,48.17,17.17,86/05/01,14.4,2
BRATISLAVA,48.17,17.17,86/05/02,4.9,1.3
BRATISLAVA,48.17,17.17,86/05/03,1,0.21
BRATISLAVA,48.17,17.17,86/05/04,5.5,1.2
BRATISLAVA,48.17,17.17,86/05/05,1.2,0.3
BRATISLAVA,48.17,17.17,86/05/06,0.34,0.047
BRATISLAVA,48.17,17.17,86/05/07,2.4,0.45
BRATISLAVA,48.17,17.17,86/05/08,1.9,0.42
BRATISLAVA,48.17,17.17,86/05/09,0.21,0.035
CESKE,48.97,14.43,86/05/01,28.9,4.39
CESKE,48.97,14.43,86/05/02,4.88,0.6
CESKE,48.97,14.43,86/05/03,6.97,0.679
CESKE,48.97,14.43,86/05/04,5.81,0.779
CESKE,48.97,14.43,86/05/05,2.5,0.404
CESKE,48.97,14.43,86/05/06,1.07,0.118
CESKE,48.97,14.43,86/05/07,1.14,0.252
CESKE,48.97,14.43,86/05/08,0.33,0.067
CESKE,48.97,14.43,86/05/09,0.088,0.004
CESKE,48.97,14.43,86/05/10,0.096,0.002
CESKE,48.97,14.43,86/05/11,0.06,0.002
CESKE,48.97,14.43,86/05/12,0.066,0.003
HRADEC,50.22,15.83,86/05/01,23.8,4.5
HRADEC,50.22,15.83,86/05/02,0.71,0.07
HRADEC,50.22,15.83,86/05/03,0.4,0.01
HRADEC,50.22,15.83,86/05/04,1.51,0.3
HRADEC,50.22,15.83,86/05/05,3.12,0.68
HRADEC,50.22,15.83,86/05/06,0.65,0.12
HRADEC,50.22,15.83,86/05/07,0.72,0.1
HRADEC,50.22,15.83,86/05/08,1.71,0.36
HRADEC,50.22,15.83,86/05/09,0.25,0.06
JASLOVSKE,48.5,17.45,86/04/30,10.1,0.839
JASLOVSKE,48.5,17.45,86/05/01,9.11,1.51
JASLOVSKE,48.5,17.45,86/05/02,2.99,0.653
JASLOVSKE,48.5,17.45,86/05/03,0.441,0.077
JASLOVSKE,48.5,17.45,86/05/04,2.67,0.766
JASLOVSKE,48.5,17.45,86/05/05,0.882,0.231
JASLOVSKE,48.5,17.45,86/05/06,0.18,0.034
JASLOVSKE,48.5,17.45,86/05/07,0.773,0.135
JASLOVSKE,48.5,17.45,86/05/08,2.85,0.32
JASLOVSKE,48.5,17.45,86/05/09,0.123,0.06
JASLOVSKE,48.5,17.45,86/05/10,0.112,0.06
KOSICE,21.25,48.73,86/04/30,8.05,2.04
KOSICE,21.25,48.73,86/05/01,3.7,0.386
KOSICE,21.25,48.73,86/05/01,18.3,1.68
KOSICE,21.25,48.73,86/05/02,0.452,0.129
KOSICE,21.25,48.73,86/05/02,0.254,0.046
KOSICE,21.25,48.73,86/05/03,0.247,0.033
KOSICE,21.25,48.73,86/05/04,0.22,0.046
KOSICE,21.25,48.73,86/05/05,0.179,0.04
KOSICE,21.25,48.73,86/05/06,6.8,0.527
KOSICE,21.25,48.73,86/05/07,2.57,0.456
KOSICE,21.25,48.73,86/05/08,1.76,0.459
KOSICE,21.25,48.73,86/05/09,0.962,0.371
KOSICE,21.25,48.73,86/05/10,0.017,0.0016
KOSICE,21.25,48.73,86/05/11,0.03,0.0015
KOSICE,21.25,48.73,86/05/12,0.022,0.0006
KOSICE,21.25,48.73,86/05/13,0.035,0.0022
KOSICE,21.25,48.73,86/05/14,0.021,0.0014
KOSICE,21.25,48.73,86/05/15,0.025,0.0031
KOSICE,21.25,48.73,86/05/16,0.034,0.0031
KOSICE,21.25,48.73,86/05/17,0.0049,0.0009
KOSICE,21.25,48.73,86/05/18,0.0061,0.0006
KOSICE,21.25,48.73,86/05/19,0.0055,0.0013
KOSICE,21.25,48.73,86/05/21,0.0051,0.0008
KOSICE,21.25,48.73,86/05/23,0.0042,0.0008
KOSICE,21.25,48.73,86/05/26,0.0023,0.0011
KOSICE,21.25,48.73,86/05/28,0.0023,0.0009
KOSICE,21.25,48.73,86/05/30,0.0002,0.0006
MORAVSKY,49.08,16.33,86/04/30,21.1,2.38
MORAVSKY,49.08,16.33,86/05/01,18.6,2.7
MORAVSKY,49.08,16.33,86/05/02,2.3,0.448
MORAVSKY,49.08,16.33,86/05/03,0.716,0.065
MORAVSKY,49.08,16.33,86/05/04,5.44,0.816
MORAVSKY,49.08,16.33,86/05/05,3.15,0.683
MORAVSKY,49.08,16.33,86/05/06,1.31,0.261
MORAVSKY,49.08,16.33,86/05/07,2.03,0.279
MORAVSKY,49.08,16.33,86/05/08,2.25,0.6
MORAVSKY,49.08,16.33,86/05/09,0.225,0.063
MORAVSKY,49.08,16.33,86/05/10,0.048,0.002
MORAVSKY,49.08,16.33,86/05/11,0.042,0.001
PRAHA,50.08,14.42,86/04/30,11,2.9
PRAHA,50.08,14.42,86/05/01,20.5,4.62
PRAHA,50.08,14.42,86/05/02,1.95,0.445
PRAHA,50.08,14.42,86/05/03,1.4,0.356
PRAHA,50.08,14.42,86/05/04,1.3,0.36
PRAHA,50.08,14.42,86/05/05,0.627,0.188
PRAHA,50.08,14.42,86/05/06,0.34,0.103
PRAHA,50.08,14.42,86/05/07,0.647,0.177
PRAHA,50.08,14.42,86/05/08,0.987,0.285
PRAHA,50.08,14.42,86/05/09,0.087,0.022
PRAHA,50.08,14.42,86/05/10,0.021,0.001
PRAHA,50.08,14.42,86/05/11,0.009,0.001
PRAHA,50.08,14.42,86/05/12,0.008,0.001
PRAHA,50,14.42,86/04/30,70,14
PRAHA,50,14.42,86/04/30,50,12
PRAHA,50,14.42,86/04/30,45,10
PRAHA,50,14.42,86/05/01,14.7,4.8
PRAHA,50,14.42,86/05/01,6,0.9
PRAHA,50,14.42,86/05/02,2.8,0.5
PRAHA,50,14.42,86/05/02,1.1,0.06
PRAHA,50,14.42,86/05/03,0.7,0.03
PRAHA,50,14.42,86/05/03,4.7,0.7
PRAHA,50,14.42,86/05/04,4.6,3.5
PRAHA,50,14.42,86/05/04,5.5,1.8
PRAHA,50,14.42,86/05/05,2.8,0.7
PRAHA,50,14.42,86/05/05,5.5,0.4
PRAHA,50,14.42,86/05/06,1.5,0.3
PRAHA,50,14.42,86/05/06,0.5,0.09
PRAHA,50,14.42,86/05/07,1.5,0.4
PRAHA,50,14.42,86/05/07,1.1,0.4
PRAHA,50,14.42,86/05/08,0.9,0.3
PRAHA,50,14.42,86/05/08,0.1,0.03
PRAHA,50,14.42,86/05/14,0.029,0.0097
PRAHA,50,14.42,86/05/19,0.0035,0.0025
PRAHA,50,14.42,86/05/23,0.0027,0.002
PRAHA,50,14.42,86/05/28,0.0013,0.0022
USTI,50.68,14,86/05/01,5.24,1.4
USTI,50.68,14,86/05/02,4.81,1.43
USTI,50.68,14,86/05/03,0.196,0.013
USTI,50.68,14,86/05/04,1.3,0.502
USTI,50.68,14,86/05/05,1.32,0.56
BUDAPEST,19.1,47.5,86/04/30,0.9,0.16
BUDAPEST,19.1,47.5,86/05/01,1.9,0.3
BUDAPEST,19.1,47.5,86/05/02,4.1,0.8
BUDAPEST,19.1,47.5,86/05/03,0.75,0.13
BUDAPEST,19.1,47.5,86/05/04,1.6,0.34
BUDAPEST,19.1,47.5,86/05/05,0.42,0.05
BUDAPEST,19.1,47.5,86/05/06,0.44,0.056
BUDAPEST,19.1,47.5,86/05/07,3.7,0.58
BUDAPEST,19.1,47.5,86/05/08,2.2,0.33
BUDAPEST,19.1,47.5,86/05/09,0.75,0.14
BUDAPEST,19.1,47.5,86/05/10,0.054,0.006
BUDAPEST,19.1,47.5,86/05/11,0.051,0.006
